obj_id,first_name,last_name,date_of_birth,occupation,nationality,phone,email,ni_number
4a7edb39-029f-40a1-8fef-7ddff72537ce,Emma,Reed,1998-08-15,Architect,Eritrea,+44(0)161 4960764,nevans@hotmail.co.uk,ZZ 42 19 48 T
682a5412-07dd-4215-be8d-aee30df50be4,Diana,Barker,1980-01-01,Insurance claims handler,Bolivia,+441632 960 157,nixonguy@hotmail.co.uk,ZZ 387784 T
5d73ead8-5cee-47ce-8692-403fe511e07d,Benjamin,Nelson,1970-12-16,Chief Financial Officer,Saint Helena,+44(0)8081570609,vfinch@yahoo.com,ZZ 513933 T
f61040ff-c30c-4d1c-acb3-5417b2bd95b2,Patrick,Roberts,2000-06-26,"Chemist, analytical",Belgium,+44(0)121 496 0871,lynn41@hotmail.co.uk,ZZ839894T
962f7070-cffb-4b45-8fcb-2af9b88063a3,Louise,Green,1996-03-11,Investment analyst,Montserrat,0118 4960423,ryanosborne@outlook.com,ZZ711220T
7babbe46-c714-44d0-9a52-192bf6e604db,Jonathan,Sutton,1996-08-17,"Scientist, water quality",Falkland Islands (Malvinas),0191 4960339,cjackson@yahoo.co.uk,ZZ 515917 T
905368ca-b852-4bae-837c-8faffb66579f,Kate,Yates,1982-12-15,Financial manager,Andorra,+441632 960413,ronald56@gmail.com,ZZ 23 09 89 T
b514e44e-a965-4b33-9710-aec9e808e515,Gail,Ford,1978-06-21,Energy engineer,Netherlands,+448081570916,middletonconnor@gmail.com,ZZ 032173 T
a549c14e-16a2-4d2c-81f7-d7184c3c0989,Benjamin,Cross,1971-07-21,Sport and exercise psychologist,Jamaica,0289018141,stevenwillis@hotmail.com,ZZ208709T
630f5b0c-fef5-4840-849b-948103c8761e,Oliver,Harrison,1996-08-17,"Engineer, communications",Eritrea,(0117) 496 0444,kevinpearson@yahoo.com,ZZ 58 41 97 T
06429013-865a-4591-b633-c95dd30ba614,Rosie,Coleman,2002-02-04,Outdoor activities/education manager,United Arab Emirates,020 74960845,iain27@yahoo.com,ZZ 071508 T
6fce8d2b-5f6a-49d6-b22e-9b5a0bf62835,Leonard,Macdonald,2002-10-15,Management consultant,New Caledonia,0121 4960599,dylanmccarthy@yahoo.co.uk,ZZ 109352 T
2fb89e70-a6a7-4c7d-9e9c-ce5628eede61,Shane,Wilson,2000-06-30,Multimedia specialist,Russian Federation,+449098790960,kcarr@yahoo.co.uk,ZZ 027142 T
2ef77b75-d896-4434-a00a-2a9dd4dac54c,Katie,Hill,2003-02-28,"Surveyor, mining",Netherlands Antilles,0306 9990007,graeme70@yahoo.co.uk,ZZ 81 20 66 T
378d5b6a-ef2e-4906-86e2-a9bf134bc64a,Guy,Harper,1970-12-22,"Accountant, chartered",Swaziland,(029) 2018891,terencejenkins@yahoo.com,ZZ421761T
9881716f-1f08-456e-8c76-12ee27caf363,Daniel,Robertson,2000-10-28,Commercial art gallery manager,Tokelau,(0118)4960285,carrricky@gmail.com,ZZ 03 48 55 T
07bfc7c5-5f50-4c40-b6e6-d87b0371851c,Kirsty,Walker,1972-11-10,Translator,Palau,+44161 496 0765,gavinpatel@hotmail.com,ZZ 22 45 55 T
f04fd1f8-2c45-4201-a7fd-58ed4a64cf17,Colin,Haynes,1972-06-05,Architectural technologist,Faroe Islands,(0116)4960294,hannah82@hotmail.com,ZZ 73 04 28 T
4f431ef0-da6a-49d6-a7f5-bd4d6f10f802,Steven,Stokes,1992-05-10,Hydrographic surveyor,Israel,(0117) 496 0444,zholt@hotmail.com,ZZ 71 76 04 T
4749998b-2dc3-4496-bde1-ceda26b38579,Albert,Newman,1980-08-05,Dietitian,Nigeria,020 7946 0611,ryanross@gmail.com,ZZ016884T
fb83bb8a-268d-43f4-b0e2-53ad6defdee1,Lucy,Wall,1984-10-13,Pharmacologist,Belize,+44(0)131 4960349,sharonlucas@gmail.com,ZZ 08 73 17 T
cd7c1985-5069-4d34-9d25-d5c7cbae70a4,Patricia,Smith,1972-11-12,"Engineer, technical sales",Niger,0116 4960137,jevans@gmail.com,ZZ 729668 T
3f70217c-4062-4fb3-8ff9-d6d164a0803f,Olivia,Davies,1991-12-11,Research scientist (physical sciences),Luxembourg,+4428 9018 0389,johncook@outlook.com,ZZ508249T
e640c27b-aa1f-4a4b-a311-d20e8c2bba48,Dean,Gray,1990-01-12,"Psychotherapist, dance movement",Bahrain,0808 157 0180,wilsonsimon@hotmail.com,ZZ 75 22 75 T
4b774ca2-15d8-48f3-b2f7-f134b86fbcdf,Leanne,Palmer,1972-04-15,"Teacher, secondary school",Bermuda,(029)2018891,iain27@yahoo.com,ZZ 967699 T
c80b6352-102d-49e1-bff0-9d27a7b7b816,Donald,Barton,1971-05-25,Academic librarian,Saint Vincent and the Grenadines,+44(0)116 4960489,brett17@hotmail.com,ZZ666022T
cac7a6c5-38ee-4661-9b64-36ae078fa9f1,Shane,Hussain,1992-09-24,Automotive engineer,Western Sahara,+44(0)113 496 0762,mball@outlook.com,ZZ 25 60 97 T
93ff16a5-93b4-42ee-9154-105170d4e33d,Emma,Nicholls,1976-11-27,Public affairs consultant,Slovakia (Slovak Republic),01164960009,harrietturnbull@outlook.com,ZZ 536710 T
9814c1df-de88-46d1-b663-1f18736dabc3,Kathryn,Harrison,1992-12-28,Company secretary,Pitcairn Islands,01632960942,vroberts@outlook.com,ZZ 83 06 75 T
efa711d0-5aa9-48c0-8efb-72d20c7a2653,Karl,Murphy,1975-02-16,Armed forces operational officer,United Arab Emirates,+44(0)113 4960740,bernardgreen@outlook.com,ZZ 868412 T
2e226615-8129-4706-b78b-e1bc199f302c,Rachel,Norman,1998-09-21,Chartered accountant,Vietnam,01154960611,ugriffin@gmail.com,ZZ660754T
94d61090-a2d1-4411-895d-2ef68c4d2575,Jason,Parsons,1978-04-05,Mechanical engineer,Puerto Rico,01154960611,wardantony@gmail.com,ZZ 51 92 30 T
6542c831-d0e4-4ffb-8af7-efdea9260040,Dennis,Slater,1978-05-20,Actor,French Polynesia,+44(0)131 4960093,christianprice@yahoo.co.uk,ZZ420355T
5d1ab05b-1e8f-48ec-ac96-5bd9f4ec7a3b,Elaine,Hunt,1990-03-02,Surgeon,Norfolk Island,+44(0)1214960291,ashtonmohammad@yahoo.com,ZZ223583T
fa6c49b3-5d43-4473-9d20-b04caf1459d0,Frank,Mitchell,1989-10-22,Microbiologist,Italy,029 2018029,northrita@gmail.com,ZZ 64 86 29 T
174300fd-ea12-42fc-9fbe-34c5adad0e8a,Mary,Jordan,1994-02-16,Chartered accountant,Egypt,(0151)4960580,ahanson@outlook.com,ZZ735471T
9d6414fc-cfbb-4947-8f67-a2ef58a00e7a,Jeffrey,Roberts,1988-11-06,Clinical research associate,Micronesia,+44(0)2074960276,emilywilliams@yahoo.com,ZZ582571T
56e946e3-91ec-4d8e-9a05-a8f831d3780c,Pamela,Mitchell,1990-01-21,Accommodation manager,Switzerland,+44(0)29 2018797,lloydgeoffrey@outlook.com,ZZ892671T
cf113058-1db2-4605-a90f-25d265f25788,Josephine,Stephenson,1985-10-24,Speech and language therapist,Serbia,+44141 4960401,aimee00@hotmail.com,ZZ896714T
657f5ac2-d98b-4a29-9ec9-35721c590d56,Owen,Abbott,1983-05-05,"Therapist, nutritional",Belize,+44(0)113 496 0144,terence83@yahoo.com,ZZ 64 48 29 T
d508bace-97ff-49f2-855e-a0290264350d,Zoe,Johnson,1977-03-02,Paediatric nurse,Zimbabwe,+4428 9018 0864,angela59@outlook.com,ZZ 21 16 69 T
2ad14cca-3df0-447e-afdc-6e955e612066,Jade,Davidson,1990-05-06,Manufacturing systems engineer,Niue,0161 4960637,ugarner@yahoo.co.uk,ZZ 074270 T
9b8201c5-d9f8-4424-b490-640a565fa5eb,Brenda,Stevens,1994-03-09,Public affairs consultant,India,+44(0)9098790081,holmesaimee@yahoo.co.uk,ZZ 50 19 04 T
a31c024a-f3a9-45b9-9a77-63349814996e,Ruth,Harrison,1985-06-05,Counsellor,Sao Tome and Principe,02074960431,vhall@yahoo.co.uk,ZZ 56 62 72 T
ad3a6b6d-3026-4ab7-ae7b-c2c26d66ff11,Judith,Saunders,1984-03-19,"Embryologist, clinical",Kenya,(0131)4960667,yelliott@yahoo.com,ZZ390603T
8d7c4b1c-9691-4f17-8e11-93ae7f9ffd7b,Ashleigh,Cunningham,1982-09-16,Medical physicist,Azerbaijan,+44(0)1632 960239,molly18@hotmail.com,ZZ670886T
525078b9-64b0-43b3-987c-3e6357da017f,Kimberley,Murphy,1987-05-03,Publishing copy,Cuba,01314960400,wsmith@outlook.com,ZZ 021639 T
f5c5c86e-9c8a-4d42-b3bc-8a0532efd365,Patricia,Bevan,1985-01-14,Professor Emeritus,Congo,01314960919,jamesbrandon@hotmail.co.uk,ZZ540803T
a7165768-febf-4a7a-b8f0-80119223f6eb,Laura,Francis,1993-07-12,Emergency planning/management officer,Taiwan,(0117) 496 0444,wsmith@outlook.com,ZZ 04 81 07 T
20b3ebb8-ac5f-4c39-a64e-34ab1f8891ce,Olivia,Wood,1973-03-25,Passenger transport manager,Lithuania,+44(0)151 496 0711,smithcarl@yahoo.co.uk,ZZ 79 16 86 T
d39ce2fa-d490-4b76-9d07-819602238fa8,Simon,Schofield,1986-12-30,Recruitment consultant,Cyprus,+441154960455,sdean@hotmail.co.uk,ZZ 347897 T
9890411c-4912-4a92-bedc-9af022414f38,Paula,Thomson,1988-07-19,Exhibition designer,Andorra,+44115 496 0912,ssmith@outlook.com,ZZ 088601 T
fab771fe-443e-446c-830d-006d103ef8ca,Jacqueline,Berry,1978-01-17,Systems analyst,Guinea-Bissau,+44(0)117 4960843,garyjoyce@outlook.com,ZZ357492T
8cf17f65-7b1b-4e72-a372-ad477142f546,Ashley,Barker,1992-04-24,Medical technical officer,Mozambique,+44(0)117 4960843,cartwrighthannah@yahoo.com,ZZ 81 23 79 T
888a9e0a-0022-49b3-a912-f63fe26f893a,Bethan,Morgan,1986-01-05,Consulting civil engineer,Suriname,+44(0)1174960659,harrietmorley@gmail.com,ZZ 089577 T
77b26a42-8e83-4f89-bf12-dee14bca07d0,Dylan,Brown,1984-12-22,"Surveyor, building control",Palau,(0116)4960778,geraldine14@yahoo.com,ZZ 635460 T
22f2bd4c-22b5-4435-b2e7-8fbf16b7c70d,Gavin,Thomas,1986-12-27,Lobbyist,Tokelau,(0151) 4960345,stewartbrown@hotmail.co.uk,ZZ 025070 T
70d897bb-4cd7-4c71-b17f-6fd0001c9925,Peter,Smith,1970-11-06,Equities trader,Yemen,+44(0)289018510,cheryl62@yahoo.com,ZZ625425T
b0a94d64-3fdb-4ca8-9b6a-fcdbef63cb22,Michelle,Cooper,1997-11-07,"Geneticist, molecular",Marshall Islands,(0191) 4960709,hansonjanet@yahoo.com,ZZ 82 98 21 T
3fd31868-8d8a-4433-b9af-b32ea2986525,Hugh,Smith,1981-12-30,Fine artist,Yemen,(0113)4960282,pughjune@gmail.com,ZZ 729904 T
e1efcfe4-ba03-4a56-8c5c-aa06123d3543,Maurice,Forster,1995-08-16,Aid worker,Nigeria,+44(0)9098790071,iain27@yahoo.com,ZZ 526547 T
b5ea07be-deca-41a1-b019-e433785e4494,Lisa,Brown,1989-08-12,Statistician,Latvia,+441134960898,joyce07@yahoo.co.uk,ZZ 165700 T
e7371b9c-3973-4fcd-941c-4a93884bc668,Abdul,Cox,1972-05-01,Forest/woodland manager,Pitcairn Islands,+4429 2018 0943,emma43@gmail.com,ZZ 539852 T
6c3808f8-fbfa-4e65-899d-b907c9625b4a,Carl,Butcher,1970-08-14,Television/film/video producer,Suriname,0114 4960925,iain45@yahoo.co.uk,ZZ 539852 T
3b579fdc-4e7c-4e07-90ec-edf63805ca2c,Sophie,Foster,1981-07-28,Accommodation manager,Solomon Islands,0116 496 0907,mauricemurray@outlook.com,ZZ493186T
115a2280-11cc-4da2-9510-80c01c296c2a,Ricky,Giles,1981-10-30,Senior tax professional/tax inspector,Chile,(0114) 4960291,rmitchell@hotmail.com,ZZ064488T
7c66edea-fd7f-4624-934e-ccd5568652fc,Andrea,Stephens,1993-04-17,Energy manager,Romania,+443069990620,ireneharrison@hotmail.co.uk,ZZ570869T
6d1b9e9a-764e-45b8-8aef-792f79f646fc,Julian,Lyons,1994-08-26,Seismic interpreter,Wallis and Futuna,(0116) 4960357,elliottfrederick@hotmail.co.uk,ZZ 42 61 97 T
b069710b-811f-483b-bfb4-be7fc96c3859,Frank,Reid,2000-08-07,Sales executive,Ukraine,08081570132,bbennett@outlook.com,ZZ446595T
d2cf7fdf-c2bf-43ce-93aa-52129eb45207,George,Parkes,2003-07-08,"Administrator, arts",Serbia,(0118) 4960366,orussell@outlook.com,ZZ097592T
a5534197-a1c9-48f7-853e-7ea5aa76afe7,Lynne,Ellis,1992-04-30,Aeronautical engineer,Indonesia,0161 4960820,armstrongdenis@hotmail.com,ZZ 13 18 70 T
05e2a416-a022-4ea2-815e-5ae2b24b3234,Guy,Murray,1971-09-24,International aid/development worker,India,+441154960462,sophietaylor@hotmail.co.uk,ZZ 22 27 08 T
9e790d5c-1693-4085-8149-a943770dde42,Samuel,West,1996-05-09,Education administrator,Guatemala,0808 157 0911,arthurlawson@hotmail.com,ZZ448727T
c78ded36-52fb-4c24-9363-91db456e935e,Lynn,Gould,1982-01-16,Science writer,Antigua and Barbuda,0306 9990513,zmorrison@yahoo.co.uk,ZZ 252780 T
d2699a6b-6d73-4e6c-a7a5-7dc43617c954,Paige,Reeves,1993-05-14,"Accountant, chartered",Suriname,+44306 999 0116,shirley75@yahoo.co.uk,ZZ 512502 T
d5053766-0961-46e8-ad74-7f0ec1eb94f8,Malcolm,Brown,1983-02-27,Armed forces operational officer,Isle of Man,+44(0)28 9018 0046,fosterleslie@hotmail.com,ZZ 60 75 99 T
5ac46fe9-2226-41f8-8efe-cfb310579156,Conor,Davies,2000-11-14,Passenger transport manager,Cocos (Keeling) Islands,+44113 4960743,gcollins@gmail.com,ZZ 50 26 90 T
a8875e12-53d3-4661-b090-97b161230be2,Brandon,Murphy,2003-10-03,Publishing copy,Belgium,(0909) 879 0086,matthew81@gmail.com,ZZ517028T
ab450f6a-b7c4-4574-bc70-0c80e0835071,Kayleigh,Nelson,1972-07-03,Academic librarian,Honduras,01314960282,clivemarsh@yahoo.com,ZZ 395076 T
80043f01-3cd2-4fcd-9c8e-1193ecf358e1,Samuel,Wilson,1989-02-28,Land/geomatics surveyor,Chile,0118 496 0532,khall@yahoo.com,ZZ902906T
1d304d4c-cd38-49d6-ab68-8075e8f0ba3a,Kyle,Watkins,1971-04-30,Agricultural consultant,Swaziland,+44(0)121 4960800,odonnellnathan@hotmail.co.uk,ZZ 226066 T
5c60a480-ea36-4480-9092-188818150006,Kirsty,Johnston,1992-08-27,Firefighter,Uzbekistan,+44(0)1154960583,iain27@yahoo.com,ZZ 516637 T
61dfa6ef-e99c-4ad6-8d18-9aa5d27f36ce,Margaret,Wilson,1996-11-13,Film/video editor,Oman,(0161) 496 0691,martyn85@hotmail.co.uk,ZZ 99 73 40 T
36a6e203-26cd-48a4-93b2-057c0d12ccfd,Kathryn,Storey,1996-08-04,Clinical biochemist,Marshall Islands,(0117) 496 0444,readlisa@yahoo.co.uk,ZZ 79 72 25 T
f537459a-b91b-46b1-9d48-446f3b508f8f,Elaine,Ali,1989-04-22,Retail manager,Bouvet Island (Bouvetoya),+44(0)131 4960525,wyates@gmail.com,ZZ 42 95 46 T
0eb2f36e-a1dd-4176-a65b-2b5a03cd3d53,Ashleigh,Thomas,1999-05-06,Animal nutritionist,Pitcairn Islands,+44(0)141 496 0463,iain27@yahoo.com,ZZ206967T
a2409046-3fa8-473c-9d7d-de9413a202eb,Keith,Graham,1975-04-19,"Physicist, medical",Mauritius,(01632)960822,gavinobrien@gmail.com,ZZ 275945 T
e2b3f8e6-a8a6-4ba4-bb0f-fa96d93bca28,Lydia,Iqbal,1997-10-28,Garment/textile technologist,United Arab Emirates,(0116) 4960585,nicolarobinson@outlook.com,ZZ 436567 T
79e9734e-aa1c-42bc-8c80-c194ed8e0d1f,Denise,Rogers,1997-11-28,Optometrist,Suriname,0115 4960220,harrisoneileen@outlook.com,ZZ 99 81 49 T
54a1a19d-d616-4739-918e-f10a5d0d9132,Leslie,Patel,1972-06-14,Administrator,Brazil,+441314960751,sconnolly@hotmail.com,ZZ 732881 T
1980acb6-aff2-4c5b-bfc6-3438f1417549,Natasha,Wall,1981-06-07,Agricultural engineer,Sweden,+44289018286,jenniferwalters@yahoo.co.uk,ZZ092627T
e708ce6a-0be9-4d1a-a408-fd302409be66,Anna,Collier,1995-07-10,Chartered legal executive (England and Wales),Norway,+4420 7496 0653,nthomas@gmail.com,ZZ878674T
b9c20ab8-a83b-45e3-837e-9b15edabf63b,Jeremy,Wilson,1994-10-17,"Designer, jewellery",Gabon,09098790927,huntlesley@yahoo.co.uk,ZZ 681473 T
514c793f-16a2-4518-8512-f6252bec8c06,Jamie,Doyle,1994-06-18,Chief Marketing Officer,Burundi,+44(0)9098790071,huntlesley@yahoo.co.uk,ZZ 300689 T
35404153-76a1-4ba1-a2ae-d5a75fd4ed13,Abigail,Edwards,1977-04-14,Public librarian,Moldova,(0131) 4960510,julianstephenson@hotmail.com,ZZ307585T
b601fe68-c11c-4ac9-9cb2-32aec8458c81,George,Hamilton,1998-09-27,Equities trader,Saint Vincent and the Grenadines,+44(0)131 4960623,marc75@hotmail.com,ZZ921658T
75a4a535-56b0-405d-8ea1-df74a7ee6f75,Megan,Wilson,1995-06-13,Mechanical engineer,Jersey,+44(0)1184960564,jonesiain@gmail.com,ZZ253257T
56488f24-7420-48ab-8dc6-546626f95186,Bernard,Griffiths,1996-02-16,Neurosurgeon,Kyrgyz Republic,+44(0)1614960799,francesmatthews@hotmail.com,ZZ358017T
f3ec4bf7-ee0c-47eb-b264-cf57e30b867c,Elliott,North,1985-06-22,Plant breeder/geneticist,Australia,(020) 7496 0061,marc52@gmail.com,ZZ 50 30 06 T
0a02ad45-d25d-4573-acbd-2a879cd64377,Eleanor,Burgess,1977-12-05,Trade union research officer,Netherlands,(0117) 496 0173,reynoldsbrenda@yahoo.co.uk,ZZ 82 33 66 T
